entity,year,value
231,2014,3.86259
231,2016,5.3468
356,2005,6.75928
356,2012,8.2459
454,2011,4.52977
454,2013,6.74777
454,2017,4.78498
466,2014,9.33304
466,2017,7.96743
562,2011,3.15849
562,2014,5.56165
566,2016,3.4727
566,2019,3.31267
800,2010,4.37647
800,2011,3.53633
800,2012,3.71025
800,2014,4.57149
800,2016,3.46996
834,2009,3.3898
834,2011,4.38353
834,2013,3.26037
854,2014,2.83165
