entity,year,value
156,2018,15.27778
392,2001,20.97222
392,2006,20.20833
392,2011,20.13889
392,2016,19.02778
840,2003,20.625
840,2004,20.0
840,2005,20.08333
840,2006,20.08333
840,2007,19.91667
840,2008,19.66667
840,2009,19.83333
840,2010,19.16667
840,2011,20.04167
840,2012,19.08333
840,2013,19.29167
840,2014,19.41667
840,2015,20.25
840,2016,19.875
840,2017,18.58333
840,2018,19.375
