entity,year,value
124,2016,9.97901
124,2017,10.27849
124,2018,8.72412
124,2019,8.26235
214,2016,8.43148
214,2017,7.35258
214,2018,7.32635
214,2019,8.76588
250,2016,9.67177
250,2017,9.71761
250,2018,8.88938
250,2019,10.07207
840,2016,5.5475
840,2017,5.5475
840,2018,4.90773
840,2019,4.34423
