entity,year,value
752,2001,11.94444
752,2011,12.63889
