entity,year,value
36,2016,14.31882
36,2017,11.09589
36,2018,8.57376
36,2019,8.36113
554,2016,8.11613
554,2017,10.17363
554,2018,9.32207
554,2019,9.74065
