entity,year,value
36,2016,8.9001
36,2018,10.14193
36,2019,13.72549
554,2016,7.81317
554,2017,8.23595
554,2018,8.71845
554,2019,5.5449
