entity,year,value
36,2016,15.529
36,2017,1.65483
36,2018,1.96764
36,2019,0.75251
702,2016,5.29469
702,2017,1.48486
702,2018,0.81668
702,2019,0.83704
