entity,year,value
36,2016,11.60754
36,2017,3.91178
36,2018,6.01387
36,2019,6.67645
554,2016,6.84206
554,2017,5.63505
554,2018,4.35137
554,2019,5.66592
