entity,year,value
8,2011,19.09722
40,2009,16.84577
120,2014,15.17157
170,2013,15.20833
246,2000,14.61667
246,2010,13.99583
275,2000,20.06944
275,2013,18.26389
276,2013,15.8
300,2014,16.73611
348,2010,16.14572
398,2018,17.5
410,2014,13.81667
498,2012,16.66217
586,2007,18.75
616,2013,16.875
642,2000,17.91667
642,2012,17.5
807,2015,13.40278
