entity,year,value
826,2016,13.64249
826,2017,6.10154
826,2018,6.09887
826,2019,6.35886
