entity,year,value
643,2016,1.3601
643,2017,1.61496
643,2018,1.34309
643,2019,1.83333
840,2016,5.59439
840,2017,6.32541
840,2018,7.09291
840,2019,5.97111
