entity,year,value
752,2001,2.91667
752,2011,2.84722
