entity,year,value
634,2016,7.58598
682,2016,0.15329
784,2016,0.26816
