entity,year,value
36,2016,17.16021
36,2017,7.10727
36,2018,4.26883
36,2019,3.53712
124,2016,9.49406
124,2017,8.86607
124,2018,8.30533
124,2019,8.42413
710,2016,10.19883
710,2017,10.15034
710,2018,8.0248
710,2019,9.15534
826,2016,8.32198
826,2017,5.4459
826,2018,5.80353
826,2019,6.3419
