entity,year,value
36,2016,11.95291
36,2017,12.21196
36,2018,9.06002
36,2019,9.37136
124,2016,10.45499
124,2017,10.40042
124,2018,10.45239
124,2019,11.00719
710,2016,13.23136
710,2017,13.89699
710,2018,13.88323
710,2019,13.79291
826,2016,8.03637
826,2017,7.99592
826,2018,8.23606
826,2019,7.23558
