entity,year,value
404,2016,10.02537
404,2017,9.38757
404,2018,10.74528
404,2019,10.91303
710,2016,18.27246
710,2017,16.53596
710,2018,14.74705
710,2019,13.32946
826,2016,11.64004
826,2017,9.47947
826,2018,9.7573
826,2019,9.46688
