entity,year,value
276,2016,12.71431
276,2017,11.09833
276,2018,6.28246
276,2019,5.93283
643,2016,1.4142
643,2017,1.56293
643,2018,1.19919
643,2019,1.5
