entity,year,value
156,2018,3.125
392,2001,0.625
392,2006,0.76389
392,2011,0.90278
392,2016,1.18056
840,2003,2.91667
840,2004,3.16667
840,2005,2.70833
840,2006,2.75
840,2007,2.79167
840,2008,3.0
840,2009,3.20833
840,2010,3.29167
840,2011,2.91667
840,2012,3.08333
840,2013,3.66667
840,2014,3.45833
840,2015,3.16667
840,2016,3.83333
840,2017,3.58333
840,2018,3.0
