entity,year,value
250,2016,7.04199
250,2017,7.28054
250,2018,6.83553
250,2019,8.43052
380,2016,9.69055
380,2017,9.31608
380,2018,10.02417
380,2019,10.03967
