entity,year,value
528,2016,9.07852
528,2017,4.83512
