entity,year,value
643,2016,1.70631
643,2017,1.56293
643,2018,1.43902
643,2019,1.75
