entity,year,value
710,2016,15.94277
710,2017,15.86986
710,2018,15.07729
710,2019,15.00173
