entity,year,value
276,2016,5.60909
276,2017,5.8634
276,2018,5.65485
276,2019,5.73196
724,2016,7.65047
724,2017,5.03143
724,2018,7.43692
724,2019,4.41286
792,2016,10.37941
792,2017,10.40887
792,2018,13.09107
792,2019,13.60294
826,2016,10.00002
826,2017,9.35523
826,2018,7.7109
826,2019,7.89829
