entity,year,value
36,2016,9.37727
36,2017,8.60821
36,2018,7.48671
36,2019,8.06803
554,2016,9.40589
554,2017,9.09781
554,2018,9.34445
554,2019,9.08599
