entity,year,value
250,2016,4.40689
250,2018,6.96429
250,2019,4.87372
