entity,year,value
566,2016,10.06926
566,2018,12.28135
566,2019,9.56004
