entity,year,value
56,2016,5.80669
56,2017,6.24958
56,2018,5.067
56,2019,5.93164
250,2016,6.21162
250,2017,6.01146
250,2018,5.6937
250,2019,5.73127
276,2016,8.55168
276,2017,8.21925
276,2018,7.33851
276,2019,7.82192
376,2016,11.65121
376,2017,11.22856
376,2018,10.48321
376,2019,12.02745
380,2016,6.1879
380,2017,5.91348
380,2018,5.17201
380,2019,6.45015
528,2016,7.03618
528,2017,7.01798
528,2018,6.52615
528,2019,5.38486
724,2016,5.97529
724,2017,6.62511
724,2018,5.07583
724,2019,4.70625
