entity,year,value
44,2017,68.42105
100,2016,30.04211
152,2017,3.60707
191,2015,61.33649
203,2016,10.4594
203,2017,9.98954
276,2015,22.48049
276,2016,22.13835
428,2017,4.1
484,2015,14.38906
484,2016,15.01716
566,2017,0.27048
840,2015,16.63001
840,2016,23.79081
840,2017,17.20885
860,2016,21.13279
