entity,year,value
643,2016,1.75257
643,2017,10.41951
643,2018,9.5935
643,2019,1.75
826,2016,7.94171
826,2017,1.59625
826,2018,1.25433
826,2019,0.73337
