entity,year,value
12,2012,2.91667
188,2017,6.52113
484,2009,3.86828
484,2014,4.41736
496,2015,4.30556
604,2010,8.75699
