entity,year,value
840,2016,6.20384
840,2017,3.51242
840,2018,2.30035
840,2019,4.41505
