entity,year,value
250,2016,5.33333
250,2017,4.09656
250,2018,4.19643
250,2019,3.1381
380,2016,5.61429
380,2017,4.71429
380,2018,2.7119
380,2019,5.30952
