entity,year,value
643,2016,1.47654
643,2017,1.92748
643,2018,1.53496
643,2019,2.25
840,2016,4.995
840,2018,6.81847
840,2019,6.61259
