entity,year,value
372,2005,2.01389
458,2003,1.52778
616,2004,1.04167
