entity,year,value
764,2016,14.30755
764,2017,4.53452
764,2018,3.45504
764,2019,2.37391
