entity,year,value
124,2016,9.85259
124,2017,9.24476
124,2018,10.66309
124,2019,10.77836
404,2016,10.55449
404,2017,7.05658
404,2018,11.56182
404,2019,11.15136
826,2016,13.04338
826,2017,10.05452
826,2018,9.93324
826,2019,10.08758
834,2016,17.04816
834,2017,14.77426
834,2018,20.7358
834,2019,16.42287
