entity,year,value
12,2012,21.66667
56,2000,16.04167
56,2005,15.0
56,2013,15.90278
152,2015,22.10355
188,2017,21.31639
417,2010,18.75
417,2015,16.80556
484,2002,29.11243
484,2009,29.56315
484,2014,28.07277
496,2000,20.05833
496,2007,19.79167
496,2011,19.86111
496,2015,17.63889
528,2001,15.0
528,2003,15.13889
554,2010,18.05556
604,2010,22.6662
