entity,year,value
233,2000,14.79167
233,2010,12.84722
440,2003,10.35833
642,2000,12.5
807,2015,7.70833
