entity,year,value
40,2017,19502.4
108,2017,1487304.85
233,2017,12160.59439
242,2017,320241.3
246,2017,808585.426534
392,2017,64605.0
428,2017,950.0
458,2017,69651.0
584,2017,118861.93
642,2017,475.348
710,2017,2095.977
729,2017,952000000.0
756,2017,232240.0
807,2017,5000.0
894,2017,193120.0
