entity,year,value
834,2006,14.72222
834,2014,16.45833
