entity,year,value
643,2016,1.57732
643,2017,7.81463
643,2018,5.27642
643,2019,1.83333
826,2016,6.74309
826,2017,6.90961
826,2018,6.83036
826,2019,6.39292
