entity,year,value
8,2011,2.98611
40,2009,9.29349
120,2014,4.79023
170,2013,4.33333
246,2000,9.41667
246,2010,9.72917
275,2000,3.125
275,2013,3.05556
276,2013,10.0
300,2014,6.38889
348,2010,7.57856
398,2018,5.69444
410,2014,3.26667
498,2012,8.20249
586,2007,1.80556
616,2013,9.5125
642,2000,7.08333
642,2012,8.47222
807,2015,5.06944
