entity,year,value
643,2016,1.39703
643,2017,1.04195
643,2018,1.43902
643,2019,1.0
