entity,year,value
40,2016,4.35345
40,2017,5.98666
40,2018,6.22393
40,2019,6.04248
276,2016,6.51118
276,2017,6.45153
276,2018,6.20111
276,2019,7.66351
