entity,year,value
840,2016,4.49933
840,2017,4.4975
840,2018,2.498
840,2019,2.99875
