entity,year,value
156,2018,9.30556
392,2001,17.98611
392,2006,16.52778
392,2011,15.83333
392,2016,14.09722
840,2003,14.75
840,2004,14.5
840,2005,14.41667
840,2006,14.66667
840,2007,13.83333
840,2008,14.08333
840,2009,13.75
840,2010,13.54167
840,2011,14.25
840,2012,13.5
840,2013,13.41667
840,2014,13.125
840,2015,13.75
840,2016,14.04167
840,2017,12.41667
840,2018,12.66667
