entity,year,value
233,2000,0.20833
440,2003,0.12083
642,2000,0.0
807,2015,0.41667
