entity,year,value
724,2016,8.16283
724,2017,5.49316
724,2018,5.45479
724,2019,5.29697
840,2016,6.56423
840,2017,5.28387
840,2018,4.73825
840,2019,5.72071
