entity,year,value
36,2016,13.07705
36,2017,11.76791
36,2018,11.02685
36,2019,7.92894
702,2016,5.12267
702,2017,5.95787
702,2018,5.04627
702,2019,4.50733
