entity,year,value
36,2016,16.66711
36,2017,18.63035
36,2018,12.94312
36,2019,13.03624
554,2016,13.05392
554,2017,14.84164
554,2018,11.29668
554,2019,11.24332
