entity,year,value
1,2000,1.08135
1,2001,1.07939
1,2002,1.07007
1,2003,1.09387
1,2004,1.10892
1,2005,1.11525
1,2006,1.11784
1,2007,1.12071
1,2008,1.11837
1,2009,1.14305
1,2010,1.16359
1,2011,1.18731
1,2012,1.1758
1,2013,1.18165
1,2014,1.16771
1,2015,1.16065
1,2016,1.16262
1,2017,1.15658
