entity,year,value
250,2016,5.93695
250,2017,4.78975
250,2018,4.78832
250,2019,4.73423
