entity,year,value
643,2016,1.35479
643,2017,1.04195
643,2018,1.27913
643,2019,1.0
