entity,year,value
643,2016,1.30818
643,2017,1.3415
643,2018,1.27913
643,2019,1.41667
