entity,year,value
36,2016,9.79554
36,2017,6.72622
36,2018,4.63301
36,2019,5.55982
554,2016,6.5944
554,2017,5.21733
554,2018,3.74884
554,2019,5.3906
