entity,year,value
76,2016,6.24644
76,2017,6.89334
76,2018,6.00404
76,2019,7.35721
