entity,year,value
40,2016,5.0644
40,2017,0.23571
40,2018,0.23571
40,2019,0.0
276,2016,7.20372
276,2017,0.0
276,2018,0.0
276,2019,0.0
