entity,year,value
12,2012,2.91667
56,2000,8.26389
56,2005,8.26389
56,2013,8.95833
152,2015,7.01688
188,2017,6.71573
417,2010,5.69444
417,2015,8.95833
484,2002,4.37735
484,2009,4.72648
484,2014,5.45247
496,2000,7.80833
496,2007,7.22222
496,2011,7.70833
496,2015,4.79167
528,2001,7.29167
528,2003,6.80556
554,2010,9.23611
604,2010,6.96331
