entity,year,value
826,2016,10.05245
826,2017,8.71736
826,2018,10.27892
826,2019,13.48656
