entity,year,value
36,2016,11.32662
36,2017,11.46806
36,2018,9.11891
36,2019,8.66799
276,2016,11.90553
276,2017,10.11113
276,2018,7.41137
276,2019,7.43556
392,2016,10.55181
392,2017,10.10768
392,2018,9.7419
392,2019,10.1863
458,2016,10.4582
458,2017,8.17884
458,2018,7.80656
458,2019,6.17072
702,2016,5.54166
702,2017,5.35915
702,2018,5.46583
702,2019,5.09036
826,2016,9.86149
826,2017,9.90314
826,2018,8.78418
826,2019,10.00574
840,2016,11.69842
840,2017,12.04796
840,2018,9.64047
840,2019,8.66336
