entity,year,value
826,2016,9.66667
826,2017,13.63374
826,2019,11.64296
840,2016,5.1225
