entity,year,value
380,2016,3.41907
380,2017,4.04091
380,2018,3.81356
380,2019,4.94888
724,2016,5.09686
724,2017,4.572
724,2018,4.8601
724,2019,5.36493
840,2016,3.645
840,2017,3.62921
840,2018,3.69775
840,2019,3.48659
