entity,year,value
12,2012,22.91667
188,2017,23.52018
484,2009,33.12694
484,2014,31.05295
496,2015,18.61111
604,2010,26.15763
