entity,year,value
276,2016,10.21097
276,2017,7.14286
276,2018,1.9907
276,2019,4.56964
380,2016,6.56161
380,2017,6.30952
380,2018,3.2119
380,2019,6.07143
643,2016,1.48625
643,2017,1.56293
643,2018,1.27913
643,2019,1.0
