entity,year,value
458,2016,3.0921
458,2017,3.73685
458,2018,3.84355
458,2019,2.32541
512,2016,3.55527
512,2018,5.01909
512,2019,4.75118
634,2016,6.27904
634,2017,6.75011
634,2018,4.06789
634,2019,4.26231
682,2016,3.3946
682,2017,3.471
682,2018,5.0448
682,2019,4.29391
784,2016,3.12311
784,2017,6.05062
784,2018,2.95038
784,2019,2.94066
826,2016,8.14847
826,2017,5.94243
826,2018,5.28434
826,2019,4.85054
840,2016,6.66702
840,2018,2.16799
840,2019,5.69678
