entity,year,value
8,2011,0.34722
40,2009,1.15612
120,2014,1.10002
170,2013,0.79167
246,2000,0.6375
246,2010,0.82083
275,2000,1.04167
275,2013,0.41667
276,2013,0.6125
300,2014,1.11111
348,2010,1.13503
398,2018,0.90278
410,2014,0.83333
498,2012,0.58877
586,2007,0.69444
616,2013,1.25
642,2000,0.41667
642,2012,0.55556
807,2015,0.41667
