entity,year,value
380,2016,9.22267
380,2017,9.89321
380,2018,7.5798
380,2019,10.3522
682,2016,5.66082
682,2017,5.19803
682,2018,4.22319
682,2019,4.68953
826,2016,12.08252
826,2017,9.74657
826,2018,5.66472
826,2019,5.44876
840,2016,5.94132
840,2017,5.63752
840,2018,1.34982
840,2019,3.31015
