entity,year,value
250,2016,4.44643
250,2017,4.4038
250,2018,4.18429
250,2019,4.44833
