entity,year,value
100,2002,10.90278
100,2010,9.23611
208,2009,11.25
398,2000,13.81944
398,2003,17.36111
398,2006,15.06944
417,2000,13.81944
417,2005,9.65278
428,2003,9.09722
440,2003,8.95694
528,2006,9.79167
528,2012,9.23611
616,2004,9.86111
705,2001,11.11111
724,2003,6.73611
724,2010,8.61111
807,2004,8.125
807,2009,6.04167
