entity,year,value
20,2017,0.0
30,2017,2.47759
31,2017,4.69543
50,2014,0.0
64,2017,9.0
92,2005,19.74276
112,2017,5.29279
132,2015,0.0
156,2017,2.47759
170,2016,95.32825
398,2017,18.47145
422,2012,0.0
438,2017,0.0
450,2007,0.0
462,2014,100.0
492,2017,0.0
662,2017,0.0
670,2002,0.0
688,2015,0.0
702,2017,0.0
716,2017,93.20608
753,2017,3.18087
764,2017,17.88303
784,2017,6.9615
804,2017,0.00177
