entity,year,value
826,2016,12.46131
826,2017,9.71662
826,2018,12.67105
826,2019,13.26285
