entity,year,value
528,2016,8.61522
528,2017,8.75505
528,2018,8.0577
528,2019,7.86388
724,2016,6.18285
724,2017,5.63097
724,2018,4.86207
724,2019,3.19686
840,2016,5.86183
840,2017,6.50584
840,2018,7.02756
840,2019,6.04051
