entity,year,value
124,2016,10.86788
124,2017,9.5907
124,2018,8.03949
124,2019,6.8076
826,2016,8.57534
826,2017,5.86408
826,2018,5.99303
826,2019,6.42265
840,2016,7.66298
840,2017,8.41499
840,2018,6.15486
840,2019,6.75657
