entity,year,value
380,2016,8.09495
380,2017,6.56761
380,2018,7.95786
380,2019,9.17
682,2016,5.15661
682,2017,4.97246
682,2018,4.34077
682,2019,4.73469
826,2016,9.42892
826,2017,8.79886
826,2018,8.62765
826,2019,8.83017
840,2016,5.75032
840,2017,5.59952
840,2018,3.67834
840,2019,4.3938
