entity,year,value
578,2016,9.72295
578,2017,1.77004
578,2018,1.34643
578,2019,0.52678
826,2016,5.95554
826,2017,1.39632
826,2018,0.99579
826,2019,0.87085
