entity,year,value
203,2016,10.0423
203,2017,8.94214
203,2018,8.81549
203,2019,8.96233
276,2016,7.35078
276,2017,8.04833
276,2018,6.4727
276,2019,6.42307
380,2016,5.25276
380,2017,5.68374
380,2018,5.87216
380,2019,6.00784
643,2016,1.45309
643,2017,1.30244
643,2018,1.43902
643,2019,2.0
840,2016,4.598
840,2017,5.58718
840,2018,6.2004
840,2019,4.95058
