entity,year,value
56,2016,7.51457
56,2017,8.12525
56,2018,9.93785
56,2019,11.22607
250,2016,8.82786
250,2017,8.41245
250,2018,11.78725
250,2019,10.11949
