entity,year,value
100,2002,20.90278
100,2010,18.47222
208,2009,15.625
398,2000,27.70833
398,2003,28.47222
398,2006,26.11111
417,2000,27.70833
417,2005,23.75
428,2003,18.26389
440,2003,18.68056
528,2006,16.94444
528,2012,14.72222
616,2004,19.79167
705,2001,20.55556
724,2003,20.48611
724,2010,18.95833
807,2004,23.75
807,2009,19.51389
