entity,year,value
100,2002,1.73611
100,2010,1.04167
208,2009,3.26389
398,2003,3.68056
398,2006,2.84722
417,2000,5.34722
417,2005,3.88889
428,2003,2.22222
440,2003,1.73611
528,2006,2.56944
528,2012,2.29167
616,2004,2.84722
705,2001,2.29167
724,2003,3.40278
724,2010,2.98611
807,2004,4.44444
807,2009,2.56944
