entity,year,value
36,2016,9.03333
36,2017,11.32083
36,2018,10.20761
36,2019,9.07783
528,2016,6.83055
528,2017,7.38412
528,2018,6.52424
528,2019,8.93751
752,2016,9.451
752,2017,10.31137
752,2018,8.55167
752,2019,9.00261
826,2016,7.83798
826,2017,7.46448
826,2018,7.01965
826,2019,8.69676
840,2016,5.41667
840,2017,5.8
840,2018,5.2
840,2019,5.85714
