entity,year,value
12,2012,3.33333
188,2017,8.03246
484,2009,8.7507
484,2014,8.16309
496,2015,5.41667
604,2010,10.59314
