entity,year,value
250,2016,5.37755
250,2017,4.09722
250,2018,3.95238
250,2019,3.25952
384,2016,3.2091
384,2017,1.07527
384,2018,3.1043
384,2019,2.57348
566,2016,10.06926
566,2018,12.28135
566,2019,9.56004
686,2016,4.80287
686,2017,4.25842
686,2018,3.29104
686,2019,3.56989
