entity,year,value
276,2016,10.19818
276,2017,10.43039
276,2018,10.17591
276,2019,11.13835
