entity,year,value
250,2016,8.42814
250,2017,10.6492
250,2018,10.07721
250,2019,9.01532
380,2016,10.54584
380,2018,7.59206
380,2019,10.0082
