entity,year,value
203,2016,10.2523
203,2017,5.88938
203,2018,7.04556
203,2019,7.9734
276,2016,7.98608
276,2017,4.86604
276,2018,3.34754
276,2019,2.07203
380,2016,5.99615
380,2017,3.97444
380,2018,2.80136
380,2019,4.2495
643,2016,1.41958
643,2017,1.04195
643,2019,2.0
840,2016,4.598
840,2017,5.35447
840,2018,4.00941
840,2019,4.63909
