entity,year,value
578,2001,13.47222
578,2011,13.05556
