entity,year,value
36,2016,12.41494
36,2017,3.696
36,2018,3.3328
36,2019,2.04654
276,2016,11.90553
276,2017,5.56409
276,2018,3.88092
276,2019,4.64435
392,2016,10.82407
392,2017,3.40131
392,2018,2.72533
392,2019,3.12813
458,2016,10.08086
458,2017,10.7094
458,2018,9.09545
458,2019,1.92003
702,2016,5.8662
702,2017,4.2296
702,2018,1.77768
702,2019,1.21759
826,2016,13.09609
826,2017,3.17313
826,2018,2.7412
826,2019,2.26984
840,2016,13.07615
840,2017,11.34261
840,2018,5.29212
840,2019,8.17128
