entity,year,value
12,2012,20.83333
188,2017,19.36656
484,2009,20.82082
484,2014,19.85189
496,2015,15.55556
604,2010,21.96273
