entity,year,value
156,2018,3.19444
392,2001,1.52778
392,2006,1.73611
392,2011,1.73611
392,2016,1.94444
840,2003,8.58333
840,2004,8.08333
840,2005,8.375
840,2006,8.08333
840,2007,8.08333
840,2008,7.95833
840,2009,8.0
840,2010,9.04167
840,2011,7.95833
840,2012,7.58333
840,2013,8.29167
840,2014,8.25
840,2015,7.79167
840,2016,7.625
840,2017,7.375
840,2018,7.41667
