entity,year,value
100,2016,41.31579
196,2015,7.9646
196,2016,56.19048
196,2017,38.63636
203,2016,58.32676
276,2015,20.35652
276,2016,20.68714
428,2017,6.66965
440,2016,2.57196
458,2016,25.21849
840,2016,14.71904
