entity,year,value
643,2016,3.80659
643,2017,6.38195
643,2018,4.31707
643,2019,1.66667
