entity,year,value
152,2017,26.62925
276,2015,20.91915
276,2016,20.81852
380,2017,28.19695
620,2015,3.32268
620,2016,3.51446
620,2017,3.81812
724,2015,21.35313
724,2017,20.58358
