entity,year,value
710,2016,18.38116
710,2017,17.06599
710,2018,17.96856
710,2019,15.43826
826,2016,9.05203
826,2017,11.37147
826,2018,9.97353
826,2019,9.41576
