entity,year,value
124,2016,10.6559
124,2017,6.88457
124,2018,4.98575
124,2019,6.82276
646,2016,8.61576
646,2017,10.14587
646,2018,11.40664
646,2019,6.37542
710,2016,14.05275
710,2017,15.49521
710,2018,8.68962
710,2019,6.95094
826,2016,6.66103
826,2017,2.21451
826,2018,2.32206
826,2019,1.2594
834,2016,6.08071
834,2017,5.53017
834,2018,7.26028
834,2019,6.51178
840,2016,8.25795
840,2017,8.43232
840,2018,2.62792
840,2019,7.32237
