entity,year,value
710,2016,15.68054
710,2017,12.09267
710,2018,12.70437
710,2019,18.72155
