entity,year,value
124,2016,9.67131
124,2017,9.25609
124,2018,9.67512
124,2019,8.83511
276,2016,10.86887
276,2017,10.71295
276,2018,8.6601
276,2019,10.57015
528,2016,8.60693
528,2017,5.06104
528,2018,7.37351
528,2019,7.51993
826,2016,6.07414
826,2017,6.01555
826,2018,5.71583
826,2019,5.10835
840,2016,6.14795
840,2017,6.00488
840,2018,5.68465
840,2019,8.25627
