entity,year,value
76,2016,5.92842
76,2017,4.98518
76,2018,5.89223
76,2019,7.02518
152,2016,3.49555
152,2017,4.25474
152,2018,4.58648
152,2019,2.64391
724,2016,5.83808
724,2017,4.52488
724,2018,4.25695
724,2019,5.37868
840,2016,5.00692
840,2017,4.6785
840,2018,4.69045
840,2019,3.94393
