entity,year,value
188,2016,2.91667
188,2017,2.5
188,2018,2.41667
188,2019,2.6875
840,2016,5.0825
840,2017,4.4975
840,2018,3.49667
840,2019,3.7
