entity,year,value
250,2016,9.42042
250,2017,9.87287
250,2019,12.80085
