entity,year,value
36,2012,0.91051
40,2012,0.7676
124,2012,0.83656
152,2015,1.0779
196,2012,0.9027
203,2012,0.93911
208,2012,0.70278
233,2012,0.8655
246,2012,0.68468
250,2012,0.68977
276,2012,0.71627
300,2015,0.93667
348,2017,1.06824
372,2012,0.97201
376,2015,0.86465
380,2012,0.77817
398,2017,0.95375
440,2015,0.90811
528,2012,0.69596
578,2012,0.71197
643,2012,0.91855
702,2015,0.97842
703,2012,0.97845
705,2015,0.7442
724,2012,0.77081
752,2012,0.62251
840,2014,0.68851
840,2017,0.80168
