entity,year,value
643,2016,1.20962
643,2017,1.56293
643,2018,1.19919
643,2019,1.0
