entity,year,value
834,2006,12.29167
834,2014,13.61111
