entity,year,value
372,2005,12.63889
458,2003,15.13889
616,2004,17.84722
