entity,year,value
156,2018,4.86111
392,2001,2.08333
392,2006,2.36111
392,2011,2.63889
392,2016,2.84722
840,2003,10.04167
840,2004,9.29167
840,2005,9.5
840,2006,8.95833
840,2007,10.0
840,2008,9.41667
840,2009,9.58333
840,2010,9.45833
840,2011,8.54167
840,2012,9.33333
840,2013,9.41667
840,2014,9.70833
840,2015,9.45833
840,2016,9.33333
840,2017,9.20833
840,2018,8.83333
