entity,year,value
8,2011,2.56944
40,2009,7.51214
120,2014,3.91854
170,2013,3.45833
246,2000,8.64583
246,2010,8.90833
275,2000,2.36111
275,2013,2.43056
276,2013,9.18333
300,2014,5.34722
348,2010,6.34605
398,2018,4.375
410,2014,2.43333
498,2012,7.52841
586,2007,1.25
616,2013,8.05417
642,2000,6.66667
642,2012,7.63889
807,2015,4.375
