entity,year,value
124,2016,10.9894
124,2017,10.59322
124,2018,11.24469
124,2019,9.41595
840,2016,9.45701
840,2017,7.76289
840,2018,4.71154
840,2019,7.98046
