entity,year,value
414,2016,6.17472
414,2018,4.9519
414,2019,3.36927
512,2016,4.85629
512,2018,3.65601
512,2019,2.94928
634,2016,4.73639
634,2017,4.07975
634,2018,3.83949
634,2019,4.03902
682,2016,5.37417
682,2017,6.71812
682,2018,5.908
682,2019,4.35454
784,2016,5.49433
784,2017,7.47331
784,2018,3.64067
784,2019,3.76154
840,2016,7.32757
840,2017,5.80786
840,2018,4.83333
840,2019,5.3338
