entity,year,value
276,2016,9.1763
276,2017,10.24113
276,2018,7.73571
276,2019,7.04957
