entity,year,value
208,2001,10.13889
578,2001,11.18056
578,2011,12.5
