entity,year,value
643,2016,1.38924
643,2017,1.33965
643,2018,1.55095
643,2019,1.75
