entity,year,value
752,2001,1.80556
752,2011,2.01389
