entity,year,value
710,2016,16.48609
710,2017,18.70361
710,2018,19.37169
710,2019,19.52031
