entity,year,value
276,2016,10.28588
276,2017,8.02633
276,2018,7.41918
276,2019,6.39778
380,2016,8.72815
380,2017,8.60557
380,2018,8.07946
380,2019,6.66667
756,2016,19.54427
756,2017,10.90106
756,2018,4.70031
756,2019,6.90688
826,2016,9.27843
826,2017,7.23656
826,2018,8.49355
826,2019,7.99398
