entity,year,value
364,2015,0.89655
388,2015,1.24204
634,2015,0.88087
716,2014,0.62264
756,2014,0.90476
818,2015,0.6
