entity,year,value
764,2016,5.60082
764,2017,4.79458
764,2018,5.12516
764,2019,3.39412
