entity,year,value
400,2016,6.22595
400,2017,7.2944
400,2018,6.30909
400,2019,5.35969
