entity,year,value
1,2000,8.75937
1,2001,8.80779
1,2002,8.81154
1,2003,9.15964
1,2004,9.56771
1,2005,9.87032
1,2006,10.1951
1,2007,10.51977
1,2008,10.56885
1,2009,10.49399
1,2010,10.99898
1,2011,11.42558
1,2012,11.45464
1,2013,11.67382
1,2014,11.72166
1,2015,11.84276
1,2016,12.01324
1,2017,12.18155
