entity,year,value
40,2016,6.32613
40,2017,6.43202
40,2018,6.13892
40,2019,5.94807
56,2016,9.18748
56,2017,7.58513
56,2018,9.24375
56,2019,7.78493
276,2016,6.95583
276,2017,6.45365
276,2018,6.27772
276,2019,6.86367
528,2016,8.90885
528,2017,7.51488
528,2018,8.32574
528,2019,6.62874
