entity,year,value
76,2016,6.99646
76,2017,6.72358
76,2018,5.37705
76,2019,6.45394
724,2016,5.76008
724,2017,5.078
724,2018,3.13343
724,2019,3.47847
