entity,year,value
56,2016,9.59214
56,2017,8.66394
56,2018,6.05217
