entity,year,value
12,2012,0.83333
56,2000,0.97222
56,2005,0.97222
56,2013,1.11111
152,2015,2.83709
188,2017,1.44235
417,2010,0.625
417,2015,0.55556
484,2002,1.97581
484,2009,5.3306
484,2014,3.99311
496,2000,1.11111
496,2007,1.04167
496,2011,1.38889
496,2015,1.59722
528,2001,1.18056
528,2003,1.25
554,2010,1.31944
604,2010,1.87405
