entity,year,value
56,2016,9.55364
56,2018,9.05106
56,2019,11.15715
250,2016,8.82786
250,2017,10.07403
250,2018,11.06528
250,2019,10.56041
