entity,year,value
156,2018,6.59722
392,2001,11.52778
392,2006,10.41667
392,2011,9.51389
392,2016,8.33333
840,2003,12.29167
840,2004,12.58333
840,2005,12.75
840,2006,12.79167
840,2007,11.75
840,2008,11.5
840,2009,11.08333
840,2010,10.83333
840,2011,10.91667
840,2012,11.54167
840,2013,11.875
840,2014,11.25
840,2015,11.91667
840,2016,11.5
840,2017,11.66667
840,2018,11.375
