entity,year,value
1,2017,82.92683
1,2019,70.17544
9,2017,50.0
30,2017,50.0
30,2019,33.33333
34,2017,100.0
35,2017,100.0
35,2019,50.0
62,2017,90.0
143,2017,66.66667
143,2019,66.66667
145,2017,100.0
150,2017,83.33333
199,2017,85.71429
199,2019,70.0
202,2017,88.0
202,2019,72.5
419,2017,77.27273
419,2019,72.0
432,2017,86.36364
432,2019,84.61538
513,2017,83.33333
543,2017,50.0
543,2019,28.57143
722,2017,57.14286
722,2019,39.13043
747,2017,100.0
753,2017,90.0
753,2019,45.45455
