entity,year,value
380,2016,3.43979
380,2018,2.23326
380,2019,3.37982
724,2016,5.30231
724,2017,3.54762
724,2018,2.57085
724,2019,3.32428
840,2016,3.92643
840,2017,4.4975
840,2018,2.797
840,2019,2.665
