entity,year,value
40,2016,9.47682
40,2017,5.55814
40,2018,4.57816
40,2019,3.35285
276,2016,9.6127
276,2017,3.57143
276,2018,3.62028
276,2019,3.20113
