entity,year,value
76,2016,5.36901
76,2017,3.50054
76,2018,6.68959
76,2019,5.92828
724,2016,5.68441
724,2017,4.63002
724,2018,5.33537
724,2019,5.14939
