entity,year,value
643,2016,6.30927
643,2017,6.51219
643,2018,5.51626
643,2019,1.75
