entity,year,value
124,2016,7.98294
124,2017,9.05952
124,2018,8.65345
124,2019,4.88566
214,2016,4.86296
214,2017,8.5497
214,2018,6.34483
214,2019,6.44824
250,2016,11.94011
250,2017,8.66769
250,2018,7.24236
250,2019,6.53354
840,2016,5.597
840,2017,5.49667
840,2018,3.49833
840,2019,3.83333
