entity,year,value
276,2016,6.09088
276,2017,0.0
276,2018,0.0
276,2019,0.0
380,2016,4.94548
380,2017,2.2381
380,2018,0.46242
380,2019,3.45238
724,2016,5.20238
724,2017,4.71429
724,2018,2.37619
724,2019,1.04672
826,2016,9.79174
826,2017,1.18776
826,2018,1.20761
826,2019,1.08052
