entity,year,value
12,2012,0.41667
188,2017,1.51134
484,2009,4.88242
484,2014,3.74573
496,2015,1.11111
604,2010,1.83615
