entity,year,value
682,2016,7.90173
784,2016,3.64268
826,2016,11.32167
826,2017,16.03512
