entity,year,value
156,2018,9.79167
392,2001,5.55556
392,2006,5.48611
392,2011,5.34722
392,2016,6.45833
840,2003,6.79167
840,2004,7.25
840,2005,6.54167
840,2006,6.83333
840,2007,7.0
840,2008,6.33333
840,2009,7.0
840,2010,5.95833
840,2011,6.29167
840,2012,5.91667
840,2013,6.375
840,2014,6.66667
840,2015,6.58333
840,2016,6.41667
840,2017,6.41667
840,2018,6.33333
