entity,year,value
250,2016,5.38095
250,2017,5.21429
250,2018,5.07143
250,2019,4.16429
276,2016,9.90021
276,2017,8.40476
276,2018,5.62327
276,2019,3.76008
566,2016,10.06926
566,2018,12.28135
566,2019,9.56004
