entity,year,value
40,2016,7.81822
40,2017,8.75944
40,2018,6.61212
40,2019,6.38442
250,2016,7.67857
250,2017,8.8566
250,2018,8.15625
250,2019,7.82155
276,2016,8.85858
276,2017,8.43065
276,2018,8.26369
276,2019,7.59451
380,2016,7.15179
380,2017,7.245
380,2018,8.07922
380,2019,7.09464
756,2016,16.36717
756,2017,15.70098
756,2018,11.50059
756,2019,8.65224
