entity,year,value
12,2012,3.33333
188,2017,6.80745
484,2009,4.95623
484,2014,5.75414
496,2015,5.34722
604,2010,6.37872
