entity,year,value
12,2012,2.08333
188,2017,4.15363
484,2009,12.30611
484,2014,11.20105
496,2015,3.05556
604,2010,4.1949
