entity,year,value
578,2001,1.66667
578,2011,2.15278
