entity,year,value
250,2016,6.61224
250,2017,3.49762
250,2018,3.49762
250,2019,2.54529
