entity,year,value
840,2016,6.35732
840,2017,4.81799
840,2018,4.62125
840,2019,4.49667
