entity,year,value
724,2016,8.1496
724,2017,4.39919
724,2018,5.0771
724,2019,4.2757
840,2016,3.95795
840,2017,4.04136
840,2018,3.21066
840,2019,2.96912
