entity,year,value
233,2000,0.69444
233,2010,0.41667
440,2003,0.41667
642,2000,0.41667
807,2015,1.18056
