entity,year,value
404,2016,10.02537
404,2017,9.38757
404,2018,10.66746
404,2019,11.04887
826,2016,8.81468
826,2017,7.36131
826,2018,7.50622
826,2019,9.1675
834,2016,17.04816
834,2017,15.90515
834,2018,9.34717
834,2019,15.45748
