entity,year,value
643,2016,1.77764
643,2017,1.66708
643,2018,1.43902
643,2019,1.66667
