entity,year,value
840,2016,5.61094
840,2017,5.71341
840,2018,6.60816
840,2019,6.73761
