entity,year,value
8,2011,0.41667
40,2009,1.78134
120,2014,0.87169
170,2013,0.875
246,2000,0.77083
246,2010,0.82083
275,2000,0.76389
275,2013,0.625
276,2013,0.79583
300,2014,1.04167
348,2010,1.23251
398,2018,1.31944
410,2014,0.83333
498,2012,0.67408
586,2007,0.55556
616,2013,1.45833
642,2000,0.41667
642,2012,0.83333
807,2015,0.69444
