entity,year,value
826,2016,7.48717
826,2017,8.30958
826,2018,10.35175
826,2019,11.25876
