entity,year,value
233,2000,22.70833
233,2010,17.43056
440,2003,18.67917
642,2000,24.16667
807,2015,20.55556
