entity,year,value
124,2016,10.2673
124,2017,8.75286
124,2018,9.74015
124,2019,9.5848
646,2016,7.04221
646,2017,6.22501
646,2018,6.74776
646,2019,5.37425
710,2016,12.55398
710,2017,13.74734
710,2018,12.01426
710,2019,12.61829
826,2016,6.44315
826,2017,5.21103
826,2018,5.95321
826,2019,5.96043
834,2016,12.942
834,2017,12.11505
834,2018,18.144
834,2019,10.43407
840,2016,8.05061
840,2017,6.83888
840,2018,6.12283
840,2019,5.85026
