entity,year,value
620,2016,9.89262
620,2017,10.68915
620,2018,3.68335
620,2019,9.45239
710,2016,18.38928
710,2017,16.26226
710,2018,15.40149
710,2019,16.38977
