entity,year,value
276,2016,8.67858
276,2017,7.98964
276,2018,9.05227
276,2019,6.86084
643,2016,1.44868
643,2017,1.35451
643,2018,1.27913
643,2019,1.58333
