entity,year,value
710,2016,17.31529
710,2017,16.95144
710,2018,15.81614
710,2019,14.46593
