entity,year,value
764,2016,13.5635
764,2017,15.0649
764,2018,14.47234
764,2019,12.40309
