entity,year,value
40,2016,8.73864
40,2017,6.96707
40,2018,6.68496
40,2019,7.04566
276,2016,9.65627
276,2017,6.16901
276,2018,7.04387
276,2019,8.03195
