entity,year,value
250,2016,5.45238
250,2017,3.56429
250,2018,4.92857
250,2019,3.21191
