entity,year,value
643,2016,4.73195
643,2017,6.51219
643,2018,3.99729
643,2019,1.83333
