entity,year,value
834,2006,2.43056
834,2014,2.84722
