entity,year,value
380,2016,8.36002
380,2017,7.07112
380,2018,3.19559
380,2019,7.9932
392,2016,9.19345
392,2017,3.70324
392,2018,6.20612
392,2019,3.90565
620,2016,5.39613
620,2017,4.52709
620,2018,3.28362
620,2019,4.73083
724,2016,7.60751
724,2017,6.90379
724,2018,3.41845
724,2019,4.02451
826,2016,6.65735
826,2017,-1.34783
826,2018,2.14565
826,2019,2.48654
840,2016,5.96779
840,2017,5.31169
840,2018,2.88378
840,2019,4.96907
