entity,year,value
826,2016,8.80033
826,2017,13.11366
826,2018,12.21924
826,2019,11.3525
840,2016,5.1225
840,2017,6.52591
840,2018,3.8375
840,2019,4.39278
