entity,year,value
156,2018,5.97222
392,2001,2.98611
392,2006,3.68056
392,2011,4.30556
392,2016,4.93056
840,2003,5.875
840,2004,5.5
840,2005,5.66667
840,2006,5.41667
840,2007,6.08333
840,2008,5.58333
840,2009,6.08333
840,2010,5.625
840,2011,5.79167
840,2012,5.58333
840,2013,5.875
840,2014,6.29167
840,2015,6.5
840,2016,5.83333
840,2017,6.16667
840,2018,6.70833
