entity,year,value
276,2016,10.47546
276,2017,12.23877
276,2018,11.7677
276,2019,10.3528
586,2016,9.28729
586,2017,12.01451
586,2018,12.56044
586,2019,13.06807
682,2016,5.75068
682,2017,5.53438
682,2018,6.57803
682,2019,8.77653
826,2016,9.5771
826,2017,10.34954
826,2018,10.44064
826,2019,9.85659
840,2016,7.09033
840,2017,6.97848
840,2018,6.58566
840,2019,6.4868
