entity,year,value
12,2012,3.75
188,2017,8.21729
484,2009,10.40681
484,2014,9.81935
496,2015,7.43056
604,2010,8.26512
