entity,year,value
682,2016,2.50323
682,2017,4.6967
682,2018,5.37505
682,2019,3.53756
784,2016,4.14648
784,2017,5.4224
784,2018,5.24205
784,2019,5.51619
840,2016,6.41217
840,2017,6.0
840,2018,6.01369
840,2019,4.71041
