entity,year,value
458,2016,3.45543
458,2017,3.78363
458,2018,5.00768
458,2019,2.41112
682,2016,9.85115
682,2017,11.93865
682,2018,17.35988
682,2019,10.94134
764,2016,10.4318
764,2017,14.57511
764,2018,17.5503
764,2019,13.23499
