entity,year,value
710,2016,16.70124
710,2017,10.24672
710,2018,10.78905
