entity,year,value
233,2000,14.58333
440,2003,10.2375
642,2000,12.5
807,2015,7.29167
