entity,year,value
634,2016,7.29401
634,2017,7.23223
634,2018,8.538
634,2019,8.55457
682,2016,0.15329
682,2017,3.33
682,2018,5.75564
682,2019,6.0
784,2016,0.26816
784,2017,2.37605
784,2018,5.58047
784,2019,9.24827
