entity,year,value
40,2016,7.35411
40,2017,0.05443
40,2018,0.0737
40,2019,0.0
276,2016,6.6128
276,2017,3.34722
276,2018,3.35034
276,2019,2.48119
756,2016,11.18695
756,2017,4.42525
756,2018,1.6018
756,2019,1.9489
