entity,year,value
276,2016,8.31892
276,2017,6.09729
276,2018,5.43899
276,2019,8.17626
380,2016,7.06172
380,2017,6.95308
380,2018,7.98659
380,2019,7.59136
756,2016,12.65886
756,2017,11.27359
756,2018,10.62646
756,2019,10.47816
826,2016,8.57443
826,2017,10.02317
826,2018,8.62522
826,2019,10.55096
