entity,year,value
24,2016,16.68806
24,2017,27.64125
24,2018,26.94069
24,2019,16.05333
