entity,year,value
100,2002,19.16667
100,2010,17.43056
208,2009,12.36111
398,2003,24.79167
398,2006,23.26389
417,2000,22.36111
417,2005,19.86111
428,2003,16.04167
440,2003,16.94445
528,2006,14.375
528,2012,12.43056
616,2004,16.94444
705,2001,18.26389
724,2003,17.08333
724,2010,15.97222
807,2004,19.30556
807,2009,16.94444
