entity,year,value
156,2018,2.15278
392,2001,1.45833
392,2006,1.59722
392,2011,1.80556
392,2016,1.80556
840,2003,7.54167
840,2004,7.08333
840,2005,6.95833
840,2006,6.875
840,2007,7.625
840,2008,6.83333
840,2009,6.875
840,2010,7.04167
840,2011,6.41667
840,2012,6.75
840,2013,7.16667
840,2014,7.25
840,2015,7.25
840,2016,7.29167
840,2017,6.95833
840,2018,6.875
