entity,year,value
156,2018,2.70833
392,2001,0.625
392,2006,0.76389
392,2011,0.83333
392,2016,1.04167
840,2003,2.5
840,2004,2.20833
840,2005,2.54167
840,2006,2.08333
840,2007,2.375
840,2008,2.58333
840,2009,2.70833
840,2010,2.41667
840,2011,2.125
840,2012,2.58333
840,2013,2.25
840,2014,2.45833
840,2015,2.20833
840,2016,2.04167
840,2017,2.25
840,2018,1.95833
