entity,year,value
116,2004,12.5
372,2005,20.55556
458,2003,19.09722
616,2004,20.55556
