entity,year,value
372,2005,7.91667
458,2003,3.95833
616,2004,2.70833
