entity,year,value
12,2012,19.58333
56,2000,14.09722
56,2005,13.19444
56,2013,13.81944
152,2015,15.5568
188,2017,17.53098
417,2010,17.36111
417,2015,15.625
484,2002,22.1307
484,2009,17.5675
484,2014,17.42688
496,2000,16.85417
496,2007,16.94444
496,2011,16.11111
496,2015,14.09722
528,2001,12.63889
528,2003,12.98611
554,2010,14.72222
604,2010,17.70146
