entity,year,value
100,2002,0.55556
100,2010,0.34722
208,2009,1.875
398,2003,1.38889
398,2006,1.18056
417,2000,1.59722
417,2005,1.04167
428,2003,0.76389
440,2003,0.48611
528,2006,1.25
528,2012,1.18056
616,2004,1.11111
705,2001,0.97222
724,2003,1.18056
724,2010,1.66667
807,2004,1.38889
807,2009,0.76389
