entity,year,value
840,2016,5.34123
840,2017,5.52631
840,2018,3.54462
840,2019,3.14997
