entity,year,value
250,2016,5.74405
250,2017,5.5199
250,2018,5.5199
250,2019,5.54959
