entity,year,value
40,2016,7.35714
40,2017,5.69048
40,2018,3.30714
40,2019,2.49643
276,2016,6.96429
276,2017,6.19048
276,2018,5.33333
276,2019,3.54524
380,2016,7.09524
380,2017,7.09524
380,2018,6.66071
380,2019,7.09524
756,2016,18.94587
756,2017,2.99262
756,2018,5.00746
756,2019,4.29215
