entity,year,value
840,2016,4.30348
840,2017,3.91313
840,2018,4.03035
840,2019,3.5481
