entity,year,value
188,2016,3.12458
188,2017,3.33292
188,2018,5.49955
188,2019,5.83333
840,2016,5.04
840,2017,4.92115
840,2018,4.7125
840,2019,3.99781
