entity,year,value
840,2016,6.35379
840,2017,4.86047
840,2018,4.05586
840,2019,4.61036
