entity,year,value
620,2016,7.72999
710,2016,15.68054
710,2017,5.71508
710,2018,8.96095
710,2019,11.67102
