entity,year,value
40,2016,6.4924
40,2017,7.2679
40,2018,6.90961
40,2019,5.89309
276,2016,5.72444
276,2017,8.35865
276,2018,9.70567
276,2019,8.88672
756,2016,11.18695
756,2017,8.87311
756,2018,8.9502
756,2019,8.60706
