entity,year,value
250,2016,9.08181
250,2017,7.91974
250,2018,8.1575
250,2019,8.58077
