entity,year,value
20,2017,11.8
40,2017,78384.0
108,2017,11466.33192
204,2017,999999999999999.0
233,2017,3962.273143
242,2017,83468314.8144
246,2017,3484795613184.0
388,2017,9.1e-05
392,2017,2144290320000.0
422,2017,37906272000.0
428,2017,24509.0
458,2017,14477831019360.0
504,2017,18340.0
584,2017,0.0
616,2017,1672483062240.0
705,2017,36026.0
710,2017,5637504894.12
729,2017,84000000000.0
756,2017,1403.4
