entity,year,value
40,2016,9.76585
40,2017,6.82711
40,2018,3.87857
40,2019,4.27922
250,2016,9.64286
250,2017,10.95147
250,2018,7.97619
250,2019,7.00171
276,2016,8.59944
276,2017,2.61161
276,2018,2.7119
276,2019,2.01905
380,2016,7.75
380,2017,6.80952
380,2018,6.80952
380,2019,3.21429
756,2016,16.36717
756,2017,15.32955
756,2018,9.87003
756,2019,4.93643
