entity,year,value
8,2011,2.70833
40,2009,2.82799
120,2014,3.1564
170,2013,2.58333
246,2000,1.72917
246,2010,1.85833
275,2000,4.58333
275,2013,3.88889
276,2013,1.64583
300,2014,1.66667
348,2010,2.65775
398,2018,3.05556
410,2014,2.98333
498,2012,2.46057
586,2007,3.19444
616,2013,3.05417
642,2000,1.25
642,2012,1.59722
807,2015,1.18056
