entity,year,value
578,2016,7.3543
578,2017,5.83033
578,2018,5.43755
578,2019,5.78072
826,2016,5.31171
826,2017,5.69212
826,2018,4.76371
826,2019,4.75339
