entity,year,value
250,2016,5.32143
250,2017,5.36286
250,2018,5.48333
250,2019,5.32619
276,2016,8.30405
276,2017,7.51395
276,2018,9.48238
276,2019,6.10266
566,2016,10.06926
566,2017,18.29975
566,2018,12.28135
566,2019,9.56004
