entity,year,value
710,2016,15.94277
710,2017,15.86986
710,2018,17.85235
710,2019,18.21411
