entity,year,value
12,2012,3.75
56,2000,9.23611
56,2005,9.23611
56,2013,10.06944
152,2015,9.85396
188,2017,8.15808
417,2010,6.31944
417,2015,9.51389
484,2002,6.35316
484,2009,10.05708
484,2014,9.44558
496,2000,8.91944
496,2007,8.26389
496,2011,9.09722
496,2015,6.38889
528,2001,8.47222
528,2003,8.05556
554,2010,10.55556
604,2010,8.83736
