entity,year,value
276,2016,5.02359
276,2017,4.048
276,2018,4.12908
276,2019,4.61575
380,2016,4.5917
380,2017,4.75488
380,2018,4.73384
380,2019,4.87951
724,2016,4.69781
724,2017,4.78506
724,2018,4.20803
724,2019,4.17279
826,2016,9.39808
826,2017,7.04173
826,2018,6.16375
826,2019,5.69086
