entity,year,value
56,2016,6.0466
56,2017,5.48908
56,2018,3.73891
56,2019,3.43758
250,2016,5.61397
250,2017,5.86382
250,2018,4.10692
250,2019,2.97853
276,2016,9.38708
276,2017,6.46885
276,2018,6.83042
276,2019,5.18638
376,2016,11.65121
376,2018,12.85278
376,2019,11.49955
380,2016,6.83062
380,2017,6.94885
380,2018,4.0796
380,2019,7.87765
528,2016,6.74887
528,2017,8.44993
528,2018,6.13762
528,2019,3.48751
724,2016,5.94491
724,2017,6.19455
724,2018,3.09253
724,2019,1.75162
