entity,year,value
156,2018,6.31944
392,2001,2.15278
392,2006,2.5
392,2011,2.63889
392,2016,3.125
840,2003,11.5
840,2004,11.25
840,2005,11.08333
840,2006,10.83333
840,2007,10.875
840,2008,10.95833
840,2009,11.20833
840,2010,12.33333
840,2011,10.875
840,2012,10.66667
840,2013,11.95833
840,2014,11.70833
840,2015,10.95833
840,2016,11.45833
840,2017,10.95833
840,2018,10.41667
