entity,year,value
156,2018,16.38889
392,2001,17.08333
392,2006,15.90278
392,2011,14.86111
392,2016,14.79167
840,2003,19.08333
840,2004,19.83333
840,2005,19.29167
840,2006,19.625
840,2007,18.75
840,2008,17.83333
840,2009,18.08333
840,2010,16.79167
840,2011,17.20833
840,2012,17.45833
840,2013,18.25
840,2014,17.91667
840,2015,18.5
840,2016,17.91667
840,2017,18.08333
840,2018,17.70833
