entity,year,value
40,2006,1.05754107961424
100,2001,1.05092262797723
100,2006,1.16418461519723
250,2001,1.08380503578996
250,2006,1.03777720920527
276,2001,1.06786779458477
276,2006,1.01960130764829
348,2001,1.07154667571334
348,2006,1.02947078695454
440,2001,1.05540756499117
440,2006,0.992095881713434
498,2001,1.0776824612901
498,2006,1.02353551008162
643,2001,1.05188360173353
643,2006,0.994603196862164
703,2001,1.06962659117491
703,2006,1.26429848306029
792,2001,1.33907746612385
