entity,year,value
40,2016,7.2381
40,2017,7.2381
40,2018,6.3051
40,2019,6.19286
276,2016,6.4881
276,2017,6.96429
276,2018,6.77381
276,2019,5.90714
380,2016,8.30952
380,2017,7.76837
380,2018,8.6875
380,2019,8.7898
756,2016,10.819
756,2017,6.07963
756,2018,8.33359
756,2019,7.34391
