entity,year,value
710,2016,15.35044
710,2017,12.09267
710,2018,12.75304
710,2019,14.17062
826,2016,9.94294
826,2017,10.88788
826,2018,7.62098
826,2019,8.62322
