entity,year,value
8,2011,16.38889
40,2009,14.01778
120,2014,12.01517
170,2013,12.625
246,2000,12.8875
246,2010,12.1375
275,2000,15.48611
275,2013,14.375
276,2013,14.13333
300,2014,15.06944
348,2010,13.48798
398,2018,14.44444
410,2014,10.83333
498,2012,14.2016
586,2007,15.55556
616,2013,13.82083
642,2000,16.66667
642,2012,15.90278
807,2015,12.22222
