entity,year,value
528,2016,10.38585
528,2017,7.70133
528,2018,6.98399
528,2019,2.60617
724,2016,6.14091
724,2017,7.18122
724,2018,3.19778
724,2019,0.75473
840,2016,6.80018
840,2017,3.29586
840,2018,3.91332
840,2019,2.07904
