entity,year,value
100,2002,10.34722
100,2010,8.88889
208,2009,9.375
398,2003,15.97222
398,2006,13.88889
417,2000,12.22222
417,2005,8.61111
428,2003,8.33333
440,2003,8.47083
528,2006,8.54167
528,2012,8.05556
616,2004,8.68056
705,2001,10.13889
724,2003,5.55556
724,2010,6.94444
807,2004,6.73611
807,2009,5.27778
