entity,year,value
372,2005,6.94444
458,2003,4.44444
616,2004,9.86111
