entity,year,value
752,2001,17.22222
752,2011,15.97222
