entity,year,value
404,2016,7.5595
404,2017,4.99827
404,2018,5.52621
404,2019,6.27694
826,2016,9.95977
826,2017,3.35742
826,2018,3.1589
826,2019,3.95852
834,2016,7.11087
834,2017,6.68086
834,2018,-1.9591
834,2019,5.38015
