entity,year,value
380,2016,6.98991
380,2017,7.48588
380,2018,8.16192
380,2019,9.63956
392,2016,9.86568
392,2017,9.00962
392,2018,10.74428
392,2019,12.16152
620,2016,4.90312
620,2017,6.48736
620,2018,5.53281
620,2019,6.80935
724,2016,6.2781
724,2017,5.56817
724,2018,6.58299
724,2019,6.1694
826,2016,6.57066
826,2017,4.21538
826,2018,7.04601
826,2019,7.28393
840,2016,5.85521
840,2017,5.72993
840,2018,5.09281
840,2019,4.59171
