entity,year,value
40,2016,6.63454
40,2017,3.34525
40,2018,2.44869
40,2019,2.05098
56,2016,8.80095
56,2017,4.82739
56,2018,5.2962
56,2019,3.77361
276,2016,8.27917
276,2017,2.91244
276,2018,-0.2422
276,2019,3.25666
528,2016,9.45522
528,2017,4.44023
528,2018,4.13309
528,2019,2.68043
