entity,year,value
620,2016,6.85465
620,2017,8.50328
620,2018,8.31379
620,2019,7.394
840,2016,10.31098
840,2017,11.17974
840,2018,10.05091
840,2019,9.22788
