entity,year,value
710,2016,19.23098
710,2017,19.14607
710,2018,18.1662
710,2019,18.43146
