entity,year,value
724,2016,8.47537
724,2017,5.53184
724,2018,4.22653
724,2019,3.10504
840,2016,6.70281
840,2017,4.37576
840,2018,-1.05942
840,2019,4.42065
