entity,year,value
12,2012,18.75
188,2017,16.7589
484,2009,16.73366
484,2014,16.75194
496,2015,12.84722
604,2010,16.37035
