entity,year,value
8,2011,24.65278
40,2009,19.16132
120,2014,14.12382
170,2013,20.25
246,2000,16.97917
246,2010,17.25
275,2000,20.0
275,2013,17.01389
276,2013,16.3
300,2014,19.79167
348,2010,17.5957
398,2018,18.61111
410,2014,14.51667
498,2012,21.97393
586,2007,20.41667
616,2013,18.75
642,2000,24.16667
642,2012,20.83333
807,2015,18.40278
