entity,year,value
620,2016,7.80762
620,2018,7.07823
620,2019,7.4943
840,2016,7.60935
840,2017,8.73798
840,2018,4.82925
840,2019,7.06615
