entity,year,value
12,2012,2.08333
56,2000,1.94444
56,2005,1.80556
56,2013,2.08333
152,2015,6.54675
188,2017,3.78541
417,2010,1.38889
417,2015,1.18056
484,2002,6.98173
484,2009,11.99564
484,2014,10.64589
496,2000,3.20417
496,2007,2.84722
496,2011,3.75
496,2015,3.54167
528,2001,2.36111
528,2003,2.15278
554,2010,3.33333
604,2010,4.96474
