entity,year,value
231,2014,6.89632
231,2016,6.44701
356,2005,18.89981
356,2012,18.0827
454,2011,8.51559
454,2013,9.58885
454,2017,5.13623
466,2014,7.44966
466,2017,21.84925
562,2011,9.51021
562,2014,7.93546
566,2016,8.90935
566,2019,8.39844
800,2010,8.45084
800,2011,5.84559
800,2012,6.49751
800,2014,6.39391
800,2016,5.46532
834,2009,5.96993
834,2011,6.75442
834,2013,5.47653
854,2014,5.99497
