entity,year,value
528,2016,7.58438
528,2017,5.56161
528,2018,8.60859
528,2019,6.47767
