entity,year,value
76,2016,5.86979
76,2017,5.36451
76,2018,6.96157
76,2019,6.62996
