entity,year,value
12,2012,0.41667
188,2017,1.40983
484,2009,5.45058
484,2014,4.06521
496,2015,2.08333
604,2010,1.88641
