entity,year,value
276,2016,10.47546
276,2017,12.23877
276,2018,12.05461
276,2019,12.80049
586,2016,-0.1037
586,2019,3.49165
682,2016,4.76913
682,2017,4.6911
682,2018,5.89085
682,2019,7.41041
826,2016,12.78288
826,2017,14.5117
826,2018,11.20569
826,2019,11.43922
840,2016,7.30641
840,2017,6.62213
840,2018,6.24574
840,2019,5.69836
