entity,year,value
36,2016,8.5676
36,2017,5.10143
36,2018,4.99684
36,2019,3.19935
554,2016,7.39472
554,2017,5.32969
554,2018,4.50797
554,2019,4.45269
