entity,year,value
826,2016,8.53432
826,2017,3.47013
826,2018,2.90627
826,2019,1.52713
840,2016,14.5419
840,2017,8.60495
840,2018,4.7715
840,2019,7.22529
