entity,year,value
36,2016,6.45159
36,2017,8.54686
528,2016,6.67451
528,2017,7.38412
528,2018,7.20151
528,2019,11.1247
752,2016,10.41949
752,2017,6.19635
752,2018,7.25625
752,2019,13.0707
826,2016,7.8052
826,2017,7.26049
826,2018,8.07733
826,2019,8.75248
840,2016,5.125
840,2018,5.33333
840,2019,6.0
