entity,year,value
208,2001,14.58333
578,2001,16.38889
578,2011,15.97222
