entity,year,value
404,2016,10.50949
404,2017,10.97176
404,2018,12.05325
404,2019,12.27468
682,2016,7.90173
682,2017,7.90647
682,2018,9.25564
682,2019,8.39375
784,2016,6.7039
784,2017,2.37605
784,2018,6.25015
784,2019,8.14877
826,2016,11.03166
826,2017,10.9998
826,2018,9.43569
826,2019,9.2494
840,2016,4.605
840,2017,4.485
840,2018,4.998
840,2019,3.58
