entity,year,value
834,2006,4.23611
834,2014,3.61111
