entity,year,value
8,2011,3.54167
40,2009,8.55986
120,2014,3.58968
170,2013,3.58333
246,2000,9.54167
246,2010,10.225
275,2000,1.94444
275,2013,2.15278
276,2013,9.56667
300,2014,7.01389
348,2010,6.69432
398,2018,5.41667
410,2014,3.125
498,2012,12.03905
586,2007,1.11111
616,2013,8.19583
642,2000,12.08333
642,2012,10.20833
807,2015,5.34722
