entity,year,value
116,2004,1.25
372,2005,8.95833
458,2003,5.97222
616,2004,10.90278
