entity,year,value
276,2016,11.98602
276,2017,7.77975
276,2018,6.89883
276,2019,8.08141
380,2016,5.99381
380,2017,6.46456
380,2018,6.38662
380,2019,5.35302
643,2016,1.60051
643,2017,1.39358
643,2018,1.4774
643,2019,1.5
