entity,year,value
124,2016,10.11825
124,2017,9.7342
124,2018,8.82905
124,2019,9.8063
826,2016,8.07002
826,2017,9.05192
826,2018,8.56747
826,2019,8.85824
840,2016,7.39906
840,2017,8.05987
840,2018,7.50527
840,2019,6.02102
