entity,year,value
250,2016,4.96753
250,2017,4.90785
250,2018,4.8181
250,2019,4.90755
380,2016,5.58937
380,2017,5.22536
380,2018,5.48275
380,2019,5.84931
