entity,year,value
250,2016,5.20556
250,2017,5.16555
250,2018,5.02071
250,2019,4.98242
384,2016,5.00115
384,2017,2.44016
384,2018,3.71263
384,2019,3.39355
566,2016,10.06926
566,2017,18.29975
566,2018,12.28135
566,2019,9.56004
686,2016,4.80287
686,2017,4.06075
686,2018,3.47462
686,2019,3.57441
