entity,year,value
276,2016,17.34234
276,2017,11.805
276,2018,4.42619
276,2019,2.95476
643,2016,1.46649
643,2017,1.56293
643,2018,1.43902
643,2019,1.66667
