entity,year,value
276,2016,10.91481
276,2017,8.07538
276,2018,6.81782
276,2019,6.58882
643,2016,1.65193
643,2017,1.58894
643,2018,1.38146
643,2019,1.7
