entity,year,value
710,2016,15.94277
710,2017,10.24672
710,2018,7.17275
710,2019,5.3646
