entity,year,value
124,2016,9.85259
124,2017,8.5246
124,2018,9.27394
124,2019,8.41826
404,2016,5.95993
404,2017,4.99827
404,2018,6.36322
404,2019,6.32025
826,2016,14.91966
826,2017,8.65045
826,2018,6.96817
826,2019,6.92753
834,2016,6.39621
834,2017,4.85511
834,2018,7.25482
834,2019,7.78733
