entity,year,value
682,2016,2.91842
682,2017,5.41293
784,2016,3.82526
784,2017,6.21501
840,2016,7.2996
840,2017,5.5
