entity,year,value
840,2016,5.29436
840,2017,4.98864
840,2018,5.24012
840,2019,3.9936
