entity,year,value
124,2016,8.8019
124,2017,7.87986
124,2018,6.28524
124,2019,5.12135
276,2016,11.70836
276,2017,5.25578
276,2018,1.75949
276,2019,4.13205
528,2016,9.30935
528,2017,4.70685
528,2018,6.07115
528,2019,5.13793
826,2016,6.55722
826,2017,2.82843
826,2018,2.6895
826,2019,1.54571
840,2016,7.85422
840,2017,6.32566
840,2018,2.73525
840,2019,7.10642
