entity,year,value
414,2016,6.25551
414,2017,6.6397
414,2018,5.64448
414,2019,4.22991
512,2016,4.85629
512,2017,4.08368
512,2018,3.82643
512,2019,3.39009
634,2016,4.83306
634,2017,4.28662
634,2018,4.80507
634,2019,5.10436
682,2016,5.0007
682,2017,5.80497
682,2018,6.08772
682,2019,5.08624
784,2016,5.28724
784,2017,7.0198
784,2018,3.58183
784,2019,3.80867
840,2016,7.01969
840,2017,6.56329
840,2018,7.03604
840,2019,6.06194
