entity,year,value
643,2016,1.34117
643,2017,1.04195
643,2018,1.31911
643,2019,1.0
