entity,year,value
76,2016,7.48198
76,2017,6.78229
76,2018,5.46449
76,2019,8.45849
152,2016,5.3198
152,2017,6.696
152,2018,3.80675
152,2019,2.48418
724,2016,5.96193
724,2017,4.93514
724,2018,3.33678
724,2019,3.59011
840,2016,5.9233
840,2017,6.19503
840,2018,3.36887
840,2019,3.85814
