entity,year,value
643,2016,3.3335
643,2017,5.10556
643,2018,3.99729
643,2019,1.83333
