entity,year,value
840,2016,5.535
840,2017,5.535
840,2018,4.92643
840,2019,4.17056
