entity,year,value
12,2012,20.83333
188,2017,20.38943
484,2009,28.64973
484,2014,27.24331
496,2015,16.80556
604,2010,21.57557
