entity,year,value
36,2016,10.49759
36,2017,9.18315
36,2018,9.14205
36,2019,8.50198
554,2016,10.11601
554,2017,9.83056
554,2018,9.65871
554,2019,10.07827
