entity,year,value
56,2016,8.22301
56,2017,8.67311
56,2018,8.18508
56,2019,8.74342
