entity,year,value
458,2016,3.46137
458,2018,6.56703
458,2019,1.68941
682,2016,9.85115
682,2017,11.93865
682,2018,9.77182
682,2019,9.79798
764,2016,3.07582
764,2017,2.39676
764,2018,6.21352
764,2019,3.75716
