entity,year,value
231,2014,4.28835
231,2016,4.43759
356,2005,5.46505
356,2012,8.05433
454,2011,5.05147
454,2013,6.7853
454,2017,5.26817
466,2014,7.79589
466,2017,13.68157
562,2011,5.12537
562,2014,5.5903
566,2016,12.17028
566,2019,5.17798
800,2010,4.89866
800,2011,3.87106
800,2012,4.58506
800,2014,3.75516
800,2016,3.96457
834,2009,3.41551
834,2011,4.3234
834,2013,3.68406
854,2014,3.79962
