entity,year,value
8,2011,3.33333
40,2009,2.93076
120,2014,2.39825
170,2013,2.91667
246,2000,1.53333
246,2010,1.50833
275,2000,4.44444
275,2013,3.61111
276,2013,1.54583
300,2014,1.52778
348,2010,2.78608
398,2018,2.56944
410,2014,2.225
498,2012,2.16811
586,2007,4.09722
616,2013,3.33333
642,2000,1.66667
642,2012,1.52778
807,2015,2.15278
