entity,year,value
764,2016,13.88853
764,2017,16.32325
764,2018,15.6678
764,2019,12.03065
