entity,year,value
12,2012,2.08333
188,2017,3.63054
484,2009,11.91607
484,2014,10.49138
496,2015,3.95833
604,2010,5.20522
