entity,year,value
710,2016,14.15861
710,2017,12.18312
710,2018,11.19314
710,2019,15.72543
