entity,year,value
352,2014,0.67427
364,2015,0.64615
388,2015,1.08065
604,2018,0.76242
634,2015,1.16206
716,2014,0.54545
818,2015,0.73333
