entity,year,value
404,2016,7.5595
404,2017,7.63023
404,2018,5.65296
404,2019,5.82121
710,2016,15.68054
710,2018,12.70437
710,2019,18.72155
826,2016,11.64004
826,2017,4.75252
826,2018,5.27926
826,2019,5.80142
