entity,year,value
276,2016,6.72867
276,2017,1.56147
276,2018,0.84244
276,2019,1.19196
724,2016,7.65047
724,2017,7.07143
724,2018,2.41168
724,2019,2.10233
792,2016,10.37941
792,2017,12.24832
792,2018,9.93984
792,2019,10.27673
826,2016,10.77386
826,2017,1.93778
826,2018,2.86917
826,2019,1.63477
