entity,year,value
724,2016,8.11332
724,2017,4.84174
724,2018,2.8163
724,2019,3.35619
840,2016,4.04809
840,2017,4.4975
840,2018,2.36194
840,2019,1.84616
