entity,year,value
124,2016,10.9894
124,2017,10.59322
124,2018,11.78389
124,2019,6.43043
840,2016,9.09486
840,2017,7.65065
840,2018,3.00645
840,2019,9.0681
