entity,year,value
826,2016,7.07212
826,2017,8.45322
826,2018,8.1655
826,2019,7.79324
840,2016,9.39912
840,2017,6.71216
840,2018,7.98693
840,2019,7.2502
