entity,year,value
710,2016,19.20222
710,2017,12.09267
710,2018,10.55674
710,2019,12.61824
