entity,year,value
233,2000,22.01389
233,2010,17.01389
440,2003,18.2625
642,2000,23.75
807,2015,19.375
