entity,year,value
8,2011,3.88889
40,2009,9.71598
120,2014,4.6897
170,2013,4.375
246,2000,10.17917
246,2010,11.04583
275,2000,2.98611
275,2013,2.56944
276,2013,10.2
300,2014,8.125
348,2010,7.82936
398,2018,6.31944
410,2014,3.95833
498,2012,12.62781
586,2007,1.80556
616,2013,9.44583
642,2000,12.5
642,2012,10.76389
807,2015,5.76389
