entity,year,value
578,2001,2.91667
578,2011,2.91667
