entity,year,value
1,2017,8.53659
1,2019,31.57895
9,2017,16.66667
30,2017,0.0
30,2019,0.0
34,2017,14.28571
35,2017,0.0
35,2019,12.5
62,2017,10.0
143,2017,0.0
143,2019,66.66667
145,2017,0.0
150,2017,16.66667
199,2017,7.14286
199,2019,27.5
202,2017,8.0
202,2019,40.0
419,2017,9.09091
419,2019,20.0
432,2017,13.63636
432,2019,50.0
513,2017,16.66667
543,2017,16.66667
543,2019,0.0
722,2017,7.14286
722,2019,8.69565
747,2017,0.0
753,2017,0.0
753,2019,9.09091
