entity,year,value
400,2016,9.65893
400,2018,6.24404
400,2019,5.73214
