entity,year,value
578,2001,9.51389
578,2011,10.34722
