entity,year,value
400,2016,2.34694
400,2017,4.26827
400,2018,4.96064
400,2019,1.81818
682,2016,10.66667
682,2017,8.72126
682,2018,22.10832
682,2019,22.87865
