entity,year,value
8,2011,21.31944
40,2009,16.23056
120,2014,11.72558
170,2013,17.33333
246,2000,15.44583
246,2010,15.74167
275,2000,15.55556
275,2013,13.40278
276,2013,14.70833
300,2014,18.26389
348,2010,14.80962
398,2018,16.04167
410,2014,12.29167
498,2012,19.80582
586,2007,16.31944
616,2013,15.41667
642,2000,22.5
642,2012,19.30556
807,2015,16.25
